"price","lat","long","cluster"
1180000,47.6746,-122.018,1
350000,47.7453,-121.984,1
252500,47.6481,-121.916,1
580000,47.6536,-122.045,1
364950,47.7433,-121.982,1
653000,47.6842,-122.04,1
548050,47.7054,-122.011,1
455000,47.7454,-121.977,1
730000,47.7315,-122.058,1
610000,47.687,-122.047,1
570000,47.733,-121.968,1
780000,47.6811,-122.025,1
775000,47.6854,-122.053,1
450000,47.7218,-122.079,1
845000,47.6911,-122.054,1
635000,47.6325,-121.97,1
420000,47.6826,-122.096,1
436000,47.7243,-121.957,1
6e+05,47.7201,-122.062,1
430000,47.7327,-121.966,1
650000,47.6469,-121.897,1
375000,47.7216,-121.907,1
554000,47.7141,-122.031,1
829950,47.765,-122.045,1
650000,47.683,-122.039,1
3e+05,47.7341,-121.976,1
463000,47.7321,-121.964,1
1050000,47.6901,-122.018,1
470000,47.698,-121.92,1
355000,47.7617,-122.061,1
550000,47.7273,-121.958,1
325000,47.7313,-121.971,1
737000,47.7199,-122.025,1
510000,47.6367,-121.948,1
375000,47.6984,-121.912,1
697000,47.7632,-122.089,1
602000,47.6688,-122.024,1
499000,47.7353,-121.962,1
524950,47.7348,-121.984,1
5e+05,47.683,-122.035,1
782000,47.6772,-122.056,1
440000,47.752,-122.073,1
413800,47.7188,-122.024,1
309620,47.7442,-121.984,1
340000,47.7382,-121.98,1
4e+05,47.7487,-122.082,1
918000,47.6638,-122.084,1
435000,47.7462,-121.978,1
349950,47.7351,-121.985,1
515500,47.7351,-121.975,1
731500,47.6945,-122.018,1
7e+05,47.6895,-122.094,1
395000,47.6825,-122.097,1
702000,47.6802,-122.034,1
970000,47.6392,-121.988,1
156000,47.6554,-121.908,1
465000,47.7358,-122.076,1
490000,47.7455,-122.073,1
1130000,47.6662,-122.056,1
635000,47.6816,-122.038,1
1300000,47.6587,-122.022,1
391265,47.7022,-122.021,1
780000,47.683,-122.063,1
362000,47.7216,-121.883,1
1110000,47.6635,-122.017,1
353000,47.7419,-122.073,1
1410000,47.6575,-122.006,1
565000,47.6333,-121.97,1
473000,47.7136,-122.031,1
550000,47.7353,-121.973,1
750000,47.6745,-122.054,1
585000,47.6624,-121.951,1
561000,47.6811,-122.034,1
564500,47.7302,-121.974,1
470950,47.6916,-121.916,1
445000,47.6462,-121.904,1
315000,47.7427,-122.072,1
669000,47.7628,-122.094,1
850000,47.6403,-121.992,1
4e+05,47.6465,-122.024,1
305000,47.7422,-122.073,1
637250,47.6662,-122.083,1
5e+05,47.744,-122.046,1
350000,47.7345,-121.977,1
492500,47.7275,-121.957,1
326000,47.7453,-121.985,1
396000,47.7415,-122.101,1
1770000,47.6605,-122.069,1
1370000,47.7285,-122.042,1
316000,47.7422,-121.981,1
663000,47.5481,-121.995,2
453000,47.6293,-122.121,2
970000,47.5491,-122.006,2
380000,47.4771,-122.03,2
1500000,47.6008,-122.01,2
795000,47.6481,-122.081,2
495000,47.6276,-122.033,2
559500,47.5688,-122.087,2
310000,47.5347,-122.071,2
6e+05,47.641,-122.068,2
805000,47.5862,-122.054,2
730000,47.5894,-121.98,2
520000,47.5397,-122.027,2
415950,47.6048,-122.121,2
773000,47.5406,-121.994,2
650000,47.6274,-122.04,2
505000,47.5674,-122.017,2
475000,47.6175,-122.118,2
530000,47.6363,-122.025,2
870000,47.5641,-122.032,2
750000,47.6217,-122.021,2
331000,47.5322,-122.072,2
546200,47.6364,-122.03,2
539950,47.5545,-122.003,2
7e+05,47.6208,-122.093,2
345000,47.6329,-122.121,2
539000,47.6123,-122.134,2
480000,47.6344,-122.118,2
1070000,47.5965,-122.013,2
554000,47.5368,-122.073,2
750000,47.5774,-122.054,2
685000,47.6273,-122.123,2
537000,47.5859,-122.122,2
630000,47.6261,-122.047,2
595000,47.5842,-122.045,2
1820000,47.5592,-122.015,2
751000,47.6006,-121.978,2
526000,47.5858,-122.015,2
560000,47.632,-122.092,2
750000,47.598,-121.972,2
650000,47.5822,-122.077,2
5e+05,47.624,-122.05,2
618000,47.6049,-122.126,2
621000,47.616,-122.113,2
995000,47.6022,-122.06,2
1680000,47.5512,-122.11,2
575000,47.6378,-122.117,2
1570000,47.6003,-122.076,2
536000,47.5941,-122.004,2
385000,47.6032,-122.125,2
455000,47.5667,-122.018,2
325000,47.5323,-122.07,2
607500,47.6431,-122.113,2
585000,47.5285,-122.031,2
890000,47.5849,-122.051,2
861111,47.606,-122.052,2
4e+05,47.6256,-122.037,2
587000,47.5994,-122.017,2
544500,47.5816,-122,2
775000,47.5987,-122.029,2
490000,47.5544,-122.035,2
510000,47.6052,-122.044,2
574000,47.5644,-122.012,2
6e+05,47.5391,-122.069,2
850000,47.5678,-122.032,2
735000,47.5913,-122.01,2
765000,47.6373,-122.042,2
360000,47.5979,-122.135,2
535000,47.5375,-122.073,2
550000,47.5514,-121.998,2
1210000,47.5816,-122.021,2
525000,47.6328,-122.117,2
605000,47.6481,-122.061,2
680000,47.5525,-121.99,2
485000,47.6194,-122.041,2
829995,47.607,-122.053,2
1050000,47.6164,-122.104,2
851000,47.5868,-122.116,2
520000,47.5461,-121.998,2
550388,47.4936,-122.069,2
449000,47.4816,-122.005,2
610000,47.5739,-122.032,2
774000,47.5903,-121.986,2
629800,47.5405,-122.027,2
5e+05,47.6276,-122.037,2
601000,47.5718,-121.996,2
485000,47.5217,-122.05,2
675000,47.5814,-122.05,2
399900,47.5446,-122.018,2
585000,47.5608,-122.082,2
1900000,47.6318,-122.071,2
725000,47.5811,-122.028,2
1150000,47.5974,-122.013,2
510000,47.54,-121.97,2
583000,47.6169,-122.045,2
450000,47.5394,-122.027,2
670000,47.5977,-122.008,2
395000,47.4861,-122.03,2
308000,47.539,-122.026,2
386591,47.5518,-121.998,2
959900,47.5888,-121.971,2
1250000,47.6406,-122.101,2
1250000,47.6012,-122.022,2
765000,47.5833,-121.97,2
466200,47.6094,-122.126,2
590000,47.4686,-121.989,2
655000,47.6119,-122.011,2
6e+05,47.5498,-121.996,2
930000,47.5854,-122.114,2
533000,47.5793,-122.002,2
680000,47.5968,-122.017,2
765000,47.5515,-122.08,2
620000,47.5832,-122.02,2
430000,47.5202,-122.047,2
970000,47.6286,-122.064,2
765000,47.631,-122.108,2
769000,47.6374,-122.064,2
285000,47.5471,-121.996,2
450000,47.5396,-122.026,2
575000,47.535,-122.056,2
575950,47.6252,-122.104,2
635000,47.5772,-122.013,2
825000,47.5429,-122.012,2
664000,47.6309,-122.103,2
545000,47.6347,-122.026,2
713000,47.5304,-122.073,2
740000,47.5595,-122.114,2
716500,47.53,-122.073,2
420000,47.5468,-121.998,2
496700,47.5783,-122.001,2
382500,47.5253,-122.043,2
650000,47.591,-122.017,2
354000,47.6228,-122.121,2
736000,47.5599,-122.105,2
750000,47.6154,-122.115,2
1390000,47.6179,-122.005,2
387000,47.5348,-122.072,2
439500,47.47,-122,2
568000,47.6163,-122.056,2
690000,47.5627,-122.018,2
613000,47.5736,-122.109,2
1200000,47.5373,-122.07,2
475000,47.5956,-122.009,2
592500,47.6291,-122.093,2
420000,47.621,-122.114,2
570000,47.6266,-122.103,2
730100,47.5318,-122.055,2
505000,47.6316,-122.119,2
815000,47.5907,-122.086,2
640000,47.5595,-122.019,2
499900,47.5338,-122.033,2
650000,47.5506,-121.993,2
557500,47.5789,-122.118,2
630000,47.5834,-122.003,2
859990,47.6181,-122.056,2
450000,47.6207,-122.042,2
550000,47.6366,-122.029,2
494815,47.5445,-122.013,2
1060000,47.6246,-122.067,2
834995,47.6072,-122.053,2
550000,47.6231,-122.102,2
565000,47.6286,-122.053,2
742000,47.5943,-121.981,2
605000,47.6415,-122.057,2
580000,47.6301,-122.103,2
1140000,47.581,-122.022,2
3570000,47.5943,-122.11,2
834950,47.6237,-122.023,2
605000,47.5959,-122.116,2
834538,47.5821,-122.047,2
693000,47.5996,-122.021,2
5e+05,47.5691,-122.004,2
570000,47.6215,-122.031,2
667000,47.5819,-122.126,2
723000,47.5521,-121.995,2
450000,47.6243,-122.1,2
480680,47.5672,-122.005,2
655500,47.5929,-122.133,2
864000,47.5609,-122.106,2
1050000,47.5514,-122.023,2
555000,47.6333,-122.034,2
960000,47.6011,-121.983,2
1090000,47.5458,-122.231,3
565000,47.5276,-122.161,3
267000,47.4551,-122.175,3
565000,47.5901,-122.167,3
296500,47.4423,-122.193,3
1090000,47.568,-122.153,3
190000,47.4837,-122.236,3
261000,47.5121,-122.168,3
320000,47.4743,-122.143,3
302000,47.4915,-122.143,3
640000,47.5345,-122.179,3
498500,47.4944,-122.162,3
405000,47.4902,-122.154,3
1100000,47.5589,-122.116,3
955000,47.5339,-122.223,3
2e+05,47.4941,-122.24,3
274000,47.4496,-122.189,3
510000,47.4905,-122.14,3
350000,47.4622,-122.127,3
195000,47.4518,-122.179,3
439000,47.4874,-122.223,3
420000,47.5774,-122.147,3
255000,47.5116,-122.191,3
1700000,47.5963,-122.2,3
552000,47.511,-122.251,3
334950,47.5089,-122.155,3
1550000,47.5591,-122.229,3
453000,47.5619,-122.183,3
1750000,47.538,-122.114,3
963000,47.5642,-122.126,3
1550000,47.5323,-122.238,3
395000,47.4512,-122.208,3
285750,47.4436,-122.21,3
957000,47.588,-122.168,3
345000,47.4521,-122.121,3
659500,47.5646,-122.184,3
831000,47.5937,-122.172,3
316000,47.4915,-122.155,3
390000,47.4525,-122.149,3
629000,47.4911,-122.125,3
760000,47.5501,-122.128,3
2200000,47.5835,-122.202,3
481000,47.5343,-122.185,3
1200000,47.528,-122.132,3
383000,47.5389,-122.173,3
452000,47.5092,-122.195,3
241000,47.4995,-122.248,3
1700000,47.6039,-122.194,3
467000,47.495,-122.145,3
206325,47.4572,-122.167,3
630000,47.6025,-122.153,3
222900,47.4962,-122.242,3
450000,47.4999,-122.232,3
770126,47.6035,-122.206,3
260000,47.467,-122.185,3
385000,47.491,-122.15,3
265000,47.4579,-122.164,3
458000,47.4483,-122.203,3
345000,47.455,-122.198,3
750000,47.5197,-122.191,3
320000,47.4417,-122.134,3
646000,47.5615,-122.131,3
199500,47.5097,-122.181,3
462370,47.5436,-122.187,3
1090000,47.561,-122.226,3
213000,47.475,-122.199,3
416100,47.5091,-122.241,3
360000,47.4813,-122.188,3
327000,47.4763,-122.206,3
3100000,47.5716,-122.204,3
576000,47.5866,-122.175,3
159000,47.4806,-122.223,3
850000,47.5392,-122.228,3
2350000,47.5455,-122.211,3
529888,47.4866,-122.147,3
261490,47.4894,-122.188,3
638700,47.5846,-122.168,3
609000,47.6025,-122.152,3
925000,47.5441,-122.131,3
509000,47.6092,-122.146,3
346900,47.449,-122.205,3
219950,47.488,-122.2,3
449950,47.4862,-122.163,3
481000,47.5683,-122.177,3
488800,47.5444,-122.165,3
445000,47.5066,-122.192,3
350000,47.5948,-122.153,3
895000,47.5528,-122.229,3
1030000,47.5641,-122.16,3
430000,47.4916,-122.162,3
3e+06,47.5283,-122.205,3
306500,47.5004,-122.162,3
860000,47.508,-122.113,3
649000,47.4823,-122.124,3
355000,47.5003,-122.156,3
290000,47.5066,-122.194,3
343500,47.5045,-122.24,3
360000,47.4522,-122.208,3
710000,47.5584,-122.137,3
515000,47.5484,-122.172,3
526000,47.5443,-122.18,3
519995,47.4784,-122.122,3
6e+05,47.4827,-122.135,3
659000,47.5759,-122.223,3
140000,47.467,-122.215,3
5e+05,47.5218,-122.164,3
730000,47.589,-122.165,3
655000,47.5605,-122.124,3
1800000,47.5974,-122.202,3
1480000,47.5553,-122.22,3
527700,47.5707,-122.128,3
5300000,47.5631,-122.21,3
494500,47.5161,-122.191,3
553000,47.5147,-122.177,3
780000,47.5416,-122.232,3
725000,47.5374,-122.192,3
299950,47.492,-122.172,3
417400,47.4633,-122.196,3
9e+05,47.5211,-122.157,3
485000,47.4477,-122.204,3
551000,47.4594,-122.133,3
535000,47.512,-122.175,3
518000,47.5222,-122.201,3
5e+05,47.545,-122.171,3
218000,47.4624,-122.185,3
549800,47.5872,-122.17,3
1480000,47.5468,-122.123,3
215000,47.4604,-122.18,3
230000,47.4693,-122.161,3
487500,47.5019,-122.151,3
315000,47.4858,-122.231,3
215000,47.518,-122.194,3
441500,47.5093,-122.153,3
745000,47.5066,-122.146,3
745000,47.6071,-122.197,3
374000,47.4858,-122.185,3
584950,47.4813,-122.129,3
341500,47.5089,-122.189,3
356000,47.4811,-122.149,3
750000,47.5445,-122.12,3
998000,47.5573,-122.16,3
269950,47.4475,-122.213,3
525000,47.4928,-122.142,3
959000,47.5791,-122.23,3
713500,47.5668,-122.169,3
295000,47.4727,-122.2,3
425000,47.5729,-122.147,3
380000,47.4514,-122.089,3
460000,47.4517,-122.084,3
570000,47.534,-122.179,3
359000,47.4819,-122.182,3
805000,47.56,-122.132,3
325000,47.4831,-122.183,3
230000,47.4752,-122.133,3
712500,47.5892,-122.202,3
440000,47.5157,-122.107,3
540000,47.4797,-122.126,3
320000,47.4831,-122.191,3
305000,47.479,-122.132,3
1070000,47.5194,-122.151,3
279000,47.464,-122.18,3
516000,47.5982,-122.172,3
231000,47.4692,-122.162,3
364000,47.472,-122.119,3
175000,47.4908,-122.223,3
1130000,47.5894,-122.197,3
345000,47.4604,-122.17,3
570000,47.447,-122.088,3
975000,47.559,-122.127,3
615000,47.5999,-122.176,3
840000,47.522,-122.149,3
896000,47.528,-122.224,3
1200000,47.555,-122.114,3
240000,47.4961,-122.235,3
673000,47.5619,-122.125,3
612995,47.4779,-122.122,3
780000,47.5423,-122.215,3
903000,47.549,-122.141,3
800500,47.5931,-122.178,3
358000,47.5398,-122.178,3
1820000,47.5467,-122.234,3
372000,47.5142,-122.163,3
265000,47.4973,-122.256,3
780000,47.5386,-122.226,3
266200,47.4737,-122.15,3
752000,47.5333,-122.151,3
770000,47.5478,-122.153,3
840000,47.5361,-122.217,3
357500,47.4755,-122.157,3
235000,47.4984,-122.224,3
625000,47.5515,-122.189,3
905000,47.5415,-122.133,3
1290000,47.56,-122.225,3
272000,47.5078,-122.251,3
640000,47.6006,-122.194,3
550000,47.5582,-122.139,3
985000,47.582,-122.194,3
190000,47.4559,-122.183,3
3e+05,47.4495,-122.17,3
450000,47.5152,-122.197,3
725000,47.5755,-122.216,3
330000,47.4561,-122.148,3
739000,47.5656,-122.122,3
850000,47.5507,-122.141,3
463000,47.495,-122.229,3
525000,47.4997,-122.151,3
718000,47.5702,-122.128,3
199000,47.4454,-122.185,3
315000,47.4913,-122.143,3
1600000,47.5348,-122.241,3
355000,47.4811,-122.182,3
405000,47.4648,-122.15,3
420000,47.5759,-122.137,3
263000,47.4556,-122.209,3
1700000,47.5115,-122.246,3
517100,47.5396,-122.18,3
255000,47.4811,-122.162,3
750000,47.5471,-122.149,3
345000,47.4449,-122.129,3
479950,47.4569,-122.118,3
1370000,47.5817,-122.246,3
680000,47.5849,-122.169,3
543000,47.5007,-122.088,3
450000,47.4881,-122.142,3
194000,47.4848,-122.221,3
435000,47.483,-122.164,3
335000,47.489,-122.249,3
740000,47.6033,-122.158,3
432000,47.4508,-122.132,3
385000,47.4745,-122.141,3
460000,47.4835,-122.136,3
352500,47.4695,-122.116,3
485000,47.4619,-122.154,3
1970000,47.5876,-122.204,3
1220000,47.5581,-122.156,3
1110000,47.5932,-122.172,3
350000,47.4913,-122.154,3
515000,47.4521,-122.14,3
718000,47.5308,-122.184,3
269000,47.3838,-122.026,4
215000,47.3632,-122.087,4
205500,47.2113,-121.992,4
319950,47.1903,-122.013,4
75000,47.2638,-121.906,4
339500,47.3644,-122.04,4
286950,47.3603,-122.081,4
358000,47.2175,-121.995,4
325000,47.3458,-121.948,4
294000,47.3643,-122.049,4
557500,47.4012,-122.025,4
1350000,47.4097,-122.063,4
408000,47.3507,-122.089,4
362865,47.3555,-122.063,4
369950,47.381,-122.035,4
305000,47.3646,-122.036,4
350000,47.3835,-122.095,4
585000,47.3694,-122.065,4
394000,47.3655,-122.028,4
355900,47.3655,-122.017,4
225000,47.1958,-122.009,4
535000,47.2124,-122.005,4
305000,47.1959,-122.01,4
311000,47.363,-122.034,4
250000,47.3611,-122.047,4
425000,47.2069,-122.024,4
440000,47.327,-122.039,4
371000,47.3526,-122,4
630000,47.4599,-122,4
367899,47.371,-122.018,4
282500,47.3603,-122.088,4
549900,47.3534,-122.012,4
418200,47.2704,-122.013,4
570000,47.3402,-122.046,4
364950,47.3522,-122.042,4
479000,47.3389,-122.066,4
279000,47.3895,-122.023,4
479000,47.3883,-122.035,4
350000,47.3509,-122.041,4
775000,47.4574,-122.01,4
305000,47.3504,-122.035,4
192500,47.2163,-121.984,4
282000,47.3338,-122.052,4
267500,47.3991,-121.964,4
379950,47.3756,-122.044,4
679000,47.3543,-122.005,4
394000,47.3552,-122.026,4
253000,47.3658,-122.085,4
296000,47.3665,-122.017,4
208000,47.3684,-122.092,4
374950,47.3608,-122.043,4
210000,47.2105,-121.989,4
710000,47.4433,-122.016,4
262000,47.314,-122.001,4
542500,47.4564,-122.004,4
255000,47.3433,-122.037,4
217000,47.3701,-122.078,4
272500,47.3539,-122.025,4
725000,47.4026,-122.033,4
259500,47.3474,-122.037,4
218000,47.1951,-122.001,4
545000,47.4054,-122.03,4
275000,47.3531,-122.048,4
472000,47.3974,-122.005,4
263500,47.3429,-122.036,4
295000,47.3673,-122.017,4
226500,47.3586,-122.074,4
277500,47.1944,-121.974,4
450000,47.3487,-122.088,4
258000,47.3635,-122.052,4
324500,47.3602,-122.082,4
3e+05,47.3484,-122.037,4
193000,47.3494,-122.022,4
322000,47.4442,-122.081,4
426500,47.399,-122.011,4
287000,47.3484,-122.033,4
234000,47.3434,-122.082,4
250000,47.2558,-122.122,4
295000,47.3902,-122.049,4
475000,47.3412,-122.051,4
264500,47.3504,-122.035,4
285000,47.3679,-122.02,4
275000,47.3534,-122.057,4
272000,47.2126,-121.984,4
169950,47.3845,-122.085,4
255000,47.3687,-122.088,4
299900,47.3023,-122.069,4
408000,47.4129,-122.08,4
405000,47.3594,-122.036,4
246950,47.1948,-121.975,4
225500,47.3643,-122.081,4
3e+05,47.3605,-122.04,4
280000,47.1942,-121.977,4
4e+05,47.281,-121.933,4
230000,47.3839,-122.038,4
366000,47.3814,-122.024,4
239000,47.2026,-122,4
336500,47.3853,-122.028,4
225000,47.3492,-122.025,4
278226,47.3527,-121.999,4
4e+05,47.398,-122.081,4
291000,47.3492,-122.03,4
285000,47.3365,-122.051,4
465000,47.3064,-122.1,4
160000,47.2848,-121.927,4
311850,47.343,-122.056,4
287200,47.3493,-122.034,4
290000,47.3468,-122.091,4
190000,47.3615,-122.057,4
510000,47.3068,-122.088,4
725000,47.3228,-122.08,4
410000,47.3429,-122.097,4
520000,47.4214,-122.02,4
7e+05,47.3879,-122.002,4
314500,47.3637,-122.057,4
216500,47.3688,-122.08,4
335000,47.4789,-122.296,5
350000,47.5346,-122.286,5
399950,47.5532,-122.365,5
573300,47.531,-122.39,5
1130000,47.4389,-122.351,5
3600000,47.5925,-122.287,5
329000,47.5469,-122.365,5
280000,47.5209,-122.286,5
205000,47.4743,-122.274,5
733500,47.606,-122.307,5
462000,47.5366,-122.268,5
451300,47.5429,-122.387,5
373000,47.5926,-122.299,5
625000,47.5595,-122.365,5
249000,47.5335,-122.349,5
440000,47.5689,-122.284,5
209500,47.5366,-122.359,5
570000,47.5945,-122.291,5
369000,47.5299,-122.344,5
249000,47.5317,-122.37,5
219950,47.4482,-122.269,5
921000,47.6044,-122.284,5
337500,47.549,-122.305,5
662990,47.5797,-122.405,5
365000,47.5999,-122.3,5
181000,47.5798,-122.306,5
378000,47.5395,-122.39,5
175000,47.4824,-122.274,5
530000,47.5745,-122.291,5
315000,47.5523,-122.372,5
420000,47.5574,-122.284,5
449000,47.5386,-122.373,5
219000,47.5046,-122.3,5
370000,47.5592,-122.284,5
550000,47.5604,-122.274,5
393500,47.5626,-122.382,5
635000,47.5693,-122.301,5
318000,47.4715,-122.33,5
495000,47.5799,-122.306,5
1350000,47.5727,-122.409,5
217000,47.4924,-122.312,5
410000,47.5721,-122.309,5
515000,47.5589,-122.394,5
585000,47.5373,-122.395,5
4e+05,47.6003,-122.306,5
456700,47.5094,-122.376,5
235000,47.5351,-122.279,5
292000,47.4629,-122.356,5
370000,47.5537,-122.282,5
250000,47.5549,-122.363,5
631500,47.5778,-122.382,5
356000,47.5484,-122.278,5
325000,47.5585,-122.29,5
608000,47.5809,-122.403,5
348500,47.5396,-122.368,5
319950,47.5015,-122.38,5
575000,47.5723,-122.376,5
342000,47.5517,-122.272,5
589000,47.5737,-122.409,5
257000,47.4932,-122.278,5
474900,47.5075,-122.378,5
429000,47.5293,-122.371,5
3e+05,47.5289,-122.321,5
515000,47.5709,-122.388,5
220000,47.5128,-122.374,5
590300,47.5602,-122.28,5
257000,47.552,-122.29,5
425000,47.5153,-122.37,5
673000,47.5674,-122.392,5
440000,47.5621,-122.394,5
340000,47.4969,-122.33,5
666570,47.5558,-122.269,5
813000,47.5887,-122.291,5
415000,47.561,-122.275,5
275000,47.4397,-122.46,5
122000,47.5168,-122.373,5
450000,47.6066,-122.304,5
326500,47.5649,-122.358,5
259000,47.4713,-122.344,5
505000,47.6025,-122.31,5
217450,47.5122,-122.358,5
193000,47.5219,-122.361,5
204950,47.4526,-122.284,5
359000,47.4574,-122.361,5
419000,47.4522,-122.355,5
619000,47.5891,-122.293,5
336000,47.5659,-122.36,5
232000,47.494,-122.304,5
255000,47.5732,-122.372,5
255000,47.4577,-122.289,5
649950,47.5764,-122.408,5
7e+05,47.586,-122.292,5
357000,47.4947,-122.36,5
196700,47.4761,-122.287,5
355000,47.5491,-122.386,5
199950,47.4821,-122.331,5
750000,47.5424,-122.381,5
1040000,47.5807,-122.291,5
213500,47.4931,-122.298,5
3e+05,47.515,-122.362,5
417000,47.5452,-122.27,5
235000,47.5042,-122.329,5
546000,47.6032,-122.311,5
365000,47.5297,-122.381,5
430000,47.5436,-122.378,5
355000,47.5026,-122.465,5
350000,47.5437,-122.283,5
329950,47.5105,-122.387,5
345000,47.5315,-122.38,5
110000,47.4784,-122.335,5
280000,47.4517,-122.331,5
5e+05,47.5627,-122.383,5
372000,47.5522,-122.382,5
625000,47.5622,-122.392,5
255000,47.5199,-122.357,5
647500,47.4444,-122.351,5
130000,47.5231,-122.332,5
404500,47.5643,-122.284,5
516200,47.5521,-122.271,5
428950,47.5311,-122.381,5
245500,47.441,-122.282,5
285000,47.4621,-122.461,5
343000,47.5492,-122.274,5
745000,47.5726,-122.373,5
311000,47.5255,-122.265,5
329000,47.5122,-122.383,5
850000,47.5468,-122.267,5
9e+05,47.5714,-122.38,5
390000,47.5433,-122.375,5
315000,47.5557,-122.278,5
1410000,47.5036,-122.387,5
225000,47.562,-122.283,5
470000,47.5738,-122.315,5
235000,47.5365,-122.378,5
550000,47.5331,-122.384,5
230000,47.5233,-122.284,5
293550,47.4939,-122.297,5
540000,47.6046,-122.3,5
230000,47.497,-122.357,5
303000,47.4471,-122.473,5
310000,47.5517,-122.385,5
254000,47.546,-122.293,5
570000,47.5576,-122.277,5
450000,47.5897,-122.314,5
360000,47.5979,-122.297,5
380000,47.5568,-122.382,5
383000,47.5672,-122.39,5
5e+05,47.5571,-122.299,5
352750,47.5999,-122.3,5
850000,47.5577,-122.389,5
287000,47.4905,-122.343,5
265000,47.5136,-122.313,5
379900,47.5442,-122.371,5
7e+05,47.5068,-122.386,5
395000,47.585,-122.294,5
265000,47.5677,-122.29,5
840000,47.5624,-122.399,5
625000,47.607,-122.305,5
565000,47.5925,-122.302,5
445000,47.567,-122.318,5
396000,47.5588,-122.364,5
114975,47.506,-122.335,5
1340000,47.5928,-122.29,5
265000,47.5187,-122.377,5
345000,47.5926,-122.3,5
284000,47.4578,-122.274,5
1030000,47.6115,-122.287,5
580000,47.5259,-122.261,5
295000,47.5329,-122.354,5
225000,47.484,-122.346,5
287000,47.5225,-122.351,5
502000,47.5719,-122.385,5
349950,47.5162,-122.26,5
487000,47.5423,-122.302,5
210000,47.5293,-122.272,5
367000,47.5185,-122.363,5
133000,47.5192,-122.266,5
278000,47.4729,-122.301,5
705000,47.5618,-122.362,5
2e+05,47.4878,-122.324,5
467500,47.4361,-122.469,5
379900,47.5277,-122.351,5
480000,47.5636,-122.394,5
3e+05,47.5401,-122.292,5
295000,47.5704,-122.409,5
210000,47.5275,-122.323,5
320000,47.5728,-122.312,5
250000,47.5333,-122.294,5
358000,47.565,-122.284,5
1400000,47.5744,-122.406,5
774900,47.6075,-122.295,5
425000,47.6106,-122.31,5
802000,47.5788,-122.292,5
490000,47.6051,-122.304,5
425000,47.5513,-122.264,5
284000,47.5137,-122.333,5
225000,47.5176,-122.376,5
525000,47.5275,-122.391,5
880000,47.5771,-122.38,5
575000,47.5256,-122.38,5
283000,47.4809,-122.3,5
545000,47.5571,-122.357,5
4e+05,47.5659,-122.37,5
430000,47.4382,-122.348,5
275000,47.489,-122.316,5
350000,47.5102,-122.324,5
310000,47.5042,-122.265,5
560000,47.5356,-122.384,5
329950,47.4596,-122.343,5
280000,47.5164,-122.267,5
515000,47.5543,-122.359,5
90000,47.5424,-122.321,5
377500,47.4485,-122.278,5
280000,47.4617,-122.327,5
193000,47.4559,-122.289,5
180000,47.5177,-122.353,5
638000,47.5741,-122.414,5
267500,47.4427,-122.274,5
499950,47.596,-122.298,5
375000,47.5055,-122.26,5
538000,47.4979,-122.371,5
285000,47.5401,-122.293,5
393000,47.5442,-122.297,5
275000,47.5533,-122.363,5
440000,47.451,-122.365,5
250000,47.5723,-122.304,5
526000,47.5566,-122.378,5
360000,47.4889,-122.286,5
431000,47.5937,-122.301,5
345000,47.5287,-122.35,5
1250000,47.5914,-122.385,5
155000,47.5292,-122.323,5
521450,47.5713,-122.397,5
350000,47.5038,-122.379,5
939000,47.5476,-122.397,5
735000,47.5969,-122.293,5
435000,47.5524,-122.382,5
250000,47.549,-122.372,5
545000,47.4961,-122.366,5
155000,47.5328,-122.272,5
499950,47.4714,-122.273,5
385000,47.5377,-122.376,5
999950,47.579,-122.389,5
335000,47.5394,-122.368,5
309000,47.505,-122.316,5
555000,47.573,-122.38,5
202000,47.6082,-122.299,5
675000,47.4458,-122.343,5
347000,47.5482,-122.374,5
461500,47.5339,-122.284,5
8e+05,47.4643,-122.368,5
1400000,47.5996,-122.288,5
1640000,47.4418,-122.354,5
583000,47.5744,-122.305,5
3e+05,47.5874,-122.311,5
650000,47.6117,-122.297,5
675000,47.5714,-122.385,5
92000,47.5045,-122.329,5
427500,47.5142,-122.389,5
412000,47.6048,-122.312,5
3e+05,47.5069,-122.367,5
429000,47.5339,-122.372,5
462500,47.551,-122.395,5
676500,47.6071,-122.285,5
350000,47.5633,-122.289,5
417000,47.5893,-122.299,5
459000,47.5492,-122.387,5
178500,47.5077,-122.344,5
732000,47.5702,-122.38,5
417000,47.5297,-122.354,5
492500,47.4422,-122.505,5
750000,47.5219,-122.38,5
335000,47.5327,-122.276,5
507250,47.5659,-122.38,5
299950,47.5274,-122.345,5
260000,47.505,-122.259,5
550000,47.4692,-122.351,5
235000,47.5008,-122.332,5
267000,47.4682,-122.283,5
265000,47.4692,-122.35,5
353750,47.4544,-122.357,5
429900,47.57,-122.288,5
1710000,47.5596,-122.403,5
1440000,47.5427,-122.265,5
5e+05,47.5622,-122.292,5
325000,47.5398,-122.369,5
510000,47.5727,-122.376,5
295500,47.5683,-122.314,5
598800,47.4514,-122.273,5
106000,47.511,-122.359,5
226550,47.522,-122.354,5
945000,47.4884,-122.363,5
969500,47.6051,-122.289,5
425000,47.5703,-122.288,5
489950,47.5492,-122.276,5
130000,47.4672,-122.291,5
805000,47.5773,-122.406,5
415000,47.5323,-122.351,5
405000,47.5368,-122.267,5
295000,47.466,-122.452,5
216000,47.4401,-122.279,5
515000,47.4413,-122.345,5
585444,47.5816,-122.296,5
315000,47.4753,-122.342,5
1700000,47.6055,-122.285,5
705000,47.5589,-122.264,5
638000,47.6052,-122.3,5
215000,47.4949,-122.3,5
174000,47.4927,-122.28,5
107000,47.5243,-122.358,5
552100,47.6126,-122.313,5
450000,47.4979,-122.363,5
402000,47.5569,-122.298,5
325000,47.5077,-122.357,5
263300,47.5273,-122.265,5
647500,47.5873,-122.29,5
443000,47.5955,-122.306,5
212625,47.5188,-122.372,5
335000,47.5763,-122.309,5
479000,47.5594,-122.285,5
371500,47.52,-122.365,5
425000,47.5387,-122.265,5
213000,47.4481,-122.278,5
261000,47.4932,-122.263,5
279000,47.4224,-122.159,6
185000,47.3342,-122.215,6
785000,47.4319,-122.148,6
285000,47.3266,-122.169,6
370000,47.4237,-122.162,6
3e+05,47.3834,-122.168,6
280000,47.36,-122.194,6
716500,47.4289,-122.094,6
305000,47.4288,-122.19,6
315000,47.4068,-122.18,6
269900,47.4193,-122.149,6
292000,47.3532,-122.211,6
189900,47.297,-122.227,6
456000,47.2838,-122.121,6
295000,47.4205,-122.215,6
320900,47.4087,-122.17,6
449950,47.3904,-122.178,6
298000,47.3687,-122.126,6
471835,47.3273,-122.163,6
259500,47.3128,-122.13,6
4e+05,47.2983,-122.166,6
397450,47.3693,-122.129,6
299000,47.3321,-122.172,6
411605,47.2603,-122.194,6
340000,47.3939,-122.177,6
270000,47.2608,-122.209,6
335900,47.345,-122.209,6
267000,47.3731,-122.172,6
238000,47.3811,-122.144,6
289000,47.3558,-122.173,6
265000,47.4257,-122.146,6
340000,47.4387,-122.114,6
205000,47.3632,-122.11,6
325000,47.3649,-122.194,6
256500,47.3904,-122.164,6
349950,47.4318,-122.181,6
489000,47.4372,-122.206,6
433495,47.3326,-122.201,6
365000,47.4269,-122.148,6
289950,47.3266,-122.175,6
177000,47.3766,-122.18,6
137000,47.2921,-122.215,6
260000,47.4022,-122.171,6
225205,47.3746,-122.183,6
290000,47.4375,-122.184,6
219950,47.3115,-122.209,6
250000,47.3197,-122.117,6
325000,47.4192,-122.202,6
359950,47.3209,-122.185,6
470000,47.3753,-122.155,6
305100,47.4365,-122.106,6
370000,47.3572,-122.202,6
271000,47.3967,-122.174,6
285000,47.3775,-122.165,6
352000,47.3807,-122.222,6
320000,47.2632,-122.209,6
511000,47.3892,-122.215,6
930000,47.3065,-122.158,6
245000,47.3718,-122.182,6
272000,47.3291,-122.168,6
395000,47.4181,-122.211,6
443000,47.3067,-122.116,6
259000,47.3665,-122.183,6
3e+05,47.3258,-122.165,6
3e+05,47.2773,-122.216,6
397500,47.4194,-122.211,6
280000,47.3605,-122.12,6
435000,47.4341,-122.16,6
372000,47.4124,-122.204,6
369950,47.371,-122.108,6
265000,47.4402,-122.195,6
545000,47.3329,-122.2,6
206000,47.312,-122.183,6
292500,47.3523,-122.213,6
399950,47.3131,-122.115,6
239900,47.3674,-122.182,6
375000,47.3737,-122.164,6
210000,47.3574,-122.158,6
250000,47.3979,-122.174,6
316500,47.4053,-122.189,6
384435,47.341,-122.18,6
338000,47.3692,-122.126,6
326000,47.3461,-122.152,6
205000,47.2761,-122.208,6
8e+05,47.412,-122.168,6
159995,47.297,-122.225,6
350000,47.3789,-122.229,6
289000,47.3507,-122.16,6
285000,47.3794,-122.113,6
275000,47.2844,-122.205,6
275000,47.3834,-122.215,6
248000,47.3764,-122.176,6
378950,47.3524,-122.198,6
184500,47.334,-122.214,6
436952,47.3413,-122.178,6
245000,47.4034,-122.187,6
859000,47.3809,-122.13,6
339100,47.3284,-122.171,6
3e+05,47.3514,-122.213,6
250000,47.4185,-122.207,6
268000,47.284,-122.202,6
298950,47.3812,-122.223,6
399895,47.2586,-122.194,6
230000,47.3136,-122.208,6
395000,47.3904,-122.176,6
250000,47.3098,-122.209,6
390000,47.346,-122.157,6
295000,47.3747,-122.128,6
316475,47.3686,-122.117,6
325000,47.3337,-122.189,6
353000,47.3828,-122.211,6
222000,47.325,-122.205,6
342000,47.3672,-122.151,6
3e+05,47.4042,-122.213,6
375000,47.3914,-122.169,6
220000,47.3815,-122.169,6
302500,47.3663,-122.114,6
281000,47.32,-122.178,6
253000,47.4117,-122.174,6
265000,47.4139,-122.208,6
335000,47.373,-122.185,6
264000,47.4104,-122.172,6
340000,47.3314,-122.202,6
507000,47.4296,-122.111,6
206000,47.2787,-122.205,6
189000,47.3025,-122.224,6
287000,47.2611,-122.198,6
440000,47.4388,-122.142,6
256750,47.3939,-122.164,6
3e+05,47.3262,-122.214,6
243000,47.4135,-122.18,6
299000,47.3573,-122.2,6
3e+05,47.4297,-122.189,6
321500,47.3572,-122.191,6
249000,47.2761,-122.152,6
260000,47.342,-122.195,6
401500,47.4155,-122.163,6
414000,47.4386,-122.127,6
350900,47.3866,-122.169,6
330000,47.3531,-122.147,6
447055,47.3428,-122.179,6
219500,47.3066,-122.217,6
139000,47.3736,-122.188,6
294400,47.2883,-122.218,6
254000,47.3572,-122.161,6
3e+05,47.4324,-122.171,6
567000,47.6737,-122.169,7
445000,47.7177,-122.224,7
448500,47.7466,-122.249,7
550000,47.6621,-122.132,7
604950,47.6743,-122.184,7
739000,47.693,-122.187,7
735000,47.7452,-122.202,7
740000,47.6649,-122.135,7
342000,47.7151,-122.203,7
450000,47.7025,-122.196,7
458000,47.7552,-122.221,7
1600000,47.704,-122.245,7
1030000,47.6996,-122.233,7
650000,47.741,-122.208,7
1210000,47.639,-122.219,7
9e+05,47.6445,-122.167,7
315000,47.6803,-122.156,7
1400000,47.6191,-122.234,7
545000,47.6561,-122.13,7
520000,47.7145,-122.225,7
677000,47.7112,-122.226,7
2580000,47.6242,-122.239,7
432500,47.726,-122.194,7
402500,47.7668,-122.243,7
3350000,47.648,-122.218,7
180000,47.7379,-122.233,7
1170000,47.6505,-122.203,7
4e+05,47.7223,-122.172,7
601002,47.6614,-122.138,7
950000,47.6213,-122.2,7
420000,47.7515,-122.174,7
370000,47.7126,-122.211,7
898000,47.6246,-122.199,7
620000,47.7108,-122.12,7
640000,47.6443,-122.194,7
910000,47.7285,-122.112,7
326500,47.7427,-122.172,7
490000,47.7711,-122.195,7
525000,47.6844,-122.113,7
718000,47.6946,-122.211,7
445000,47.7275,-122.232,7
430000,47.7207,-122.186,7
802000,47.6616,-122.144,7
540000,47.6822,-122.111,7
420000,47.7027,-122.198,7
355000,47.7146,-122.234,7
840000,47.6835,-122.161,7
513000,47.7443,-122.22,7
413000,47.7752,-122.197,7
374500,47.7289,-122.203,7
811000,47.6832,-122.164,7
799990,47.705,-122.126,7
815000,47.688,-122.164,7
475000,47.7212,-122.172,7
626000,47.6882,-122.171,7
915000,47.6705,-122.146,7
390000,47.654,-122.127,7
4e+05,47.7233,-122.221,7
1040000,47.6938,-122.213,7
1130000,47.6651,-122.19,7
369950,47.7262,-122.224,7
1870000,47.6351,-122.236,7
883000,47.7319,-122.132,7
5e+05,47.7703,-122.193,7
576925,47.7735,-122.167,7
495000,47.6644,-122.144,7
648360,47.6895,-122.207,7
360000,47.6771,-122.172,7
427500,47.776,-122.24,7
1050000,47.6855,-122.201,7
1550000,47.7052,-122.223,7
538000,47.6579,-122.125,7
661500,47.6964,-122.12,7
409900,47.6897,-122.175,7
760000,47.7153,-122.257,7
1040000,47.634,-122.204,7
599000,47.6651,-122.15,7
375000,47.7396,-122.256,7
6890000,47.6305,-122.24,7
566000,47.6889,-122.128,7
1910000,47.6206,-122.225,7
380500,47.7303,-122.192,7
459000,47.7148,-122.213,7
1100000,47.6548,-122.19,7
494950,47.7403,-122.129,7
442500,47.7328,-122.198,7
1040000,47.7049,-122.125,7
880000,47.6499,-122.199,7
550000,47.7707,-122.123,7
749000,47.6599,-122.146,7
1010000,47.7203,-122.128,7
8e+05,47.6294,-122.215,7
1950000,47.6209,-122.237,7
777000,47.6181,-122.147,7
511000,47.7355,-122.224,7
5e+05,47.7214,-122.227,7
1950000,47.639,-122.236,7
4490000,47.6208,-122.219,7
575000,47.7614,-122.139,7
725000,47.634,-122.204,7
2410000,47.623,-122.218,7
455000,47.7212,-122.226,7
2640000,47.6326,-122.216,7
748000,47.7043,-122.192,7
657500,47.6157,-122.174,7
1750000,47.6349,-122.198,7
548000,47.6888,-122.203,7
495000,47.7628,-122.168,7
1210000,47.6477,-122.216,7
2070000,47.6289,-122.205,7
560000,47.7372,-122.2,7
420000,47.7196,-122.197,7
890000,47.6534,-122.195,7
407000,47.6655,-122.13,7
589000,47.7044,-122.2,7
485000,47.6735,-122.151,7
599000,47.7735,-122.133,7
3170000,47.6251,-122.218,7
1500000,47.6624,-122.202,7
517850,47.7249,-122.187,7
321000,47.7111,-122.213,7
575000,47.7628,-122.123,7
440000,47.731,-122.191,7
1880000,47.6144,-122.228,7
567000,47.7042,-122.236,7
424500,47.7494,-122.236,7
833000,47.6627,-122.189,7
730000,47.7584,-122.136,7
907000,47.6537,-122.195,7
422120,47.7148,-122.205,7
295000,47.6214,-122.14,7
770000,47.7213,-122.12,7
446000,47.7434,-122.242,7
733000,47.7048,-122.109,7
650000,47.6208,-122.139,7
323000,47.7559,-122.226,7
833000,47.7054,-122.107,7
444950,47.7623,-122.2,7
914600,47.7336,-122.134,7
415000,47.734,-122.193,7
555565,47.6602,-122.188,7
781000,47.691,-122.105,7
1580000,47.6215,-122.224,7
530000,47.713,-122.225,7
498000,47.7222,-122.168,7
625000,47.6821,-122.196,7
1150000,47.693,-122.202,7
440000,47.7287,-122.192,7
1260000,47.6112,-122.226,7
725000,47.6531,-122.196,7
382500,47.7274,-122.181,7
698000,47.6491,-122.12,7
525000,47.7178,-122.168,7
479000,47.7043,-122.209,7
716125,47.6669,-122.17,7
860000,47.6217,-122.192,7
340000,47.7601,-122.197,7
818000,47.7467,-122.132,7
490000,47.6743,-122.145,7
720000,47.718,-122.241,7
441500,47.7283,-122.194,7
2350000,47.6547,-122.202,7
480000,47.7401,-122.249,7
535500,47.7499,-122.111,7
414500,47.7186,-122.236,7
825000,47.6878,-122.162,7
1110000,47.6467,-122.118,7
580000,47.768,-122.259,7
445000,47.7651,-122.246,7
442200,47.6788,-122.11,7
845000,47.7054,-122.129,7
420000,47.7601,-122.167,7
485000,47.7397,-122.259,7
750000,47.7066,-122.112,7
503000,47.7194,-122.172,7
575000,47.7044,-122.209,7
725000,47.6205,-122.148,7
731781,47.693,-122.133,7
468000,47.7633,-122.199,7
414999,47.7166,-122.201,7
544300,47.6707,-122.149,7
422800,47.734,-122.17,7
368000,47.7391,-122.241,7
430000,47.7299,-122.192,7
814842,47.7153,-122.221,7
515000,47.6913,-122.115,7
695000,47.6215,-122.201,7
630000,47.6829,-122.202,7
1150000,47.639,-122.216,7
1230000,47.6547,-122.158,7
1450000,47.6204,-122.217,7
520000,47.7691,-122.262,7
402000,47.6933,-122.116,7
734500,47.7042,-122.107,7
310000,47.7116,-122.213,7
461000,47.7011,-122.171,7
405000,47.773,-122.256,7
1620000,47.6232,-122.236,7
3640000,47.6409,-122.241,7
402000,47.7368,-122.195,7
385000,47.7623,-122.256,7
1e+06,47.6322,-122.232,7
277140,47.6781,-122.117,7
3400000,47.6967,-122.216,7
375000,47.7104,-122.235,7
590000,47.7605,-122.258,7
399000,47.6815,-122.173,7
453000,47.7277,-122.185,7
590000,47.7466,-122.242,7
915000,47.625,-122.144,7
342000,47.7573,-122.217,7
409950,47.6993,-122.13,7
1e+06,47.655,-122.124,7
670000,47.6888,-122.201,7
510000,47.7677,-122.135,7
705000,47.7085,-122.24,7
475000,47.7322,-122.185,7
599950,47.7422,-122.257,7
536000,47.6872,-122.185,7
604000,47.6796,-122.113,7
738515,47.7754,-122.173,7
898000,47.6599,-122.146,7
755000,47.6972,-122.104,7
1430000,47.6203,-122.21,7
680000,47.7258,-122.117,7
405000,47.7691,-122.199,7
650000,47.7745,-122.225,7
424000,47.725,-122.2,7
314500,47.3358,-122.32,8
219000,47.3229,-122.348,8
230000,47.3196,-122.351,8
449000,47.4333,-122.347,8
235000,47.3074,-122.385,8
370228,47.3525,-122.275,8
404000,47.4181,-122.339,8
220000,47.2725,-122.3,8
279900,47.2798,-122.303,8
229000,47.3348,-122.303,8
324900,47.3585,-122.286,8
196440,47.2804,-122.251,8
205000,47.3793,-122.304,8
265000,47.3122,-122.369,8
225000,47.3781,-122.314,8
345000,47.3346,-122.354,8
1280000,47.3293,-122.364,8
315000,47.3391,-122.309,8
335000,47.3203,-122.321,8
157000,47.4152,-122.3,8
210000,47.2987,-122.366,8
835000,47.3571,-122.324,8
230000,47.3623,-122.309,8
269950,47.408,-122.327,8
408000,47.431,-122.285,8
387500,47.432,-122.348,8
465000,47.3367,-122.335,8
229900,47.2742,-122.299,8
367950,47.3511,-122.287,8
265000,47.2907,-122.367,8
406000,47.4029,-122.321,8
283500,47.3787,-122.323,8
335000,47.2649,-122.292,8
230000,47.2593,-122.312,8
205000,47.4192,-122.33,8
445500,47.4321,-122.347,8
319000,47.2822,-122.357,8
234950,47.3412,-122.273,8
389999,47.4281,-122.343,8
215000,47.3801,-122.289,8
295000,47.3385,-122.256,8
232000,47.4204,-122.324,8
424000,47.344,-122.269,8
120000,47.4191,-122.33,8
287000,47.3669,-122.288,8
247500,47.3258,-122.323,8
310000,47.4164,-122.332,8
549000,47.3312,-122.503,8
355000,47.3396,-122.256,8
260000,47.4267,-122.331,8
650000,47.3554,-122.324,8
280000,47.3258,-122.328,8
260000,47.3257,-122.276,8
450000,47.3076,-122.397,8
410000,47.3624,-122.455,8
370000,47.2902,-122.342,8
315000,47.4147,-122.337,8
226500,47.3025,-122.37,8
368000,47.4109,-122.329,8
777700,47.4096,-122.449,8
349950,47.3428,-122.278,8
299000,47.2774,-122.299,8
375000,47.4323,-122.327,8
325000,47.3301,-122.365,8
170000,47.3286,-122.346,8
233000,47.3415,-122.272,8
525000,47.4286,-122.292,8
260000,47.3661,-122.29,8
258000,47.3887,-122.286,8
229950,47.3067,-122.285,8
120750,47.2933,-122.372,8
250000,47.3386,-122.288,8
274000,47.3381,-122.289,8
169575,47.3327,-122.306,8
250000,47.3702,-122.318,8
159000,47.2861,-122.253,8
281000,47.314,-122.365,8
263000,47.2989,-122.38,8
244000,47.4358,-122.336,8
249950,47.4205,-122.316,8
328000,47.3165,-122.252,8
273000,47.2624,-122.299,8
175000,47.327,-122.267,8
152000,47.363,-122.308,8
207000,47.3221,-122.282,8
201700,47.2956,-122.272,8
349900,47.289,-122.344,8
239000,47.3902,-122.283,8
223000,47.2983,-122.374,8
230000,47.4213,-122.322,8
268000,47.3657,-122.28,8
229000,47.3086,-122.396,8
223000,47.3607,-122.291,8
272500,47.2988,-122.371,8
302000,47.3401,-122.282,8
245000,47.3319,-122.267,8
517534,47.3889,-122.482,8
215000,47.3724,-122.277,8
245000,47.3191,-122.385,8
255000,47.3099,-122.362,8
695000,47.3743,-122.421,8
257000,47.3476,-122.3,8
210000,47.3378,-122.263,8
587500,47.431,-122.338,8
266000,47.3525,-122.304,8
289950,47.319,-122.373,8
235000,47.2982,-122.378,8
305000,47.3634,-122.279,8
227000,47.3112,-122.378,8
245000,47.3837,-122.317,8
583000,47.332,-122.334,8
270000,47.3413,-122.277,8
264950,47.2922,-122.371,8
315000,47.295,-122.37,8
629000,47.3311,-122.375,8
236000,47.2995,-122.387,8
4e+05,47.3338,-122.511,8
340000,47.4131,-122.331,8
274900,47.2987,-122.385,8
299000,47.2606,-122.285,8
115000,47.2951,-122.284,8
292500,47.3096,-122.377,8
692000,47.365,-122.456,8
332000,47.3524,-122.285,8
258950,47.3187,-122.39,8
230000,47.3775,-122.319,8
220000,47.2589,-122.279,8
663000,47.4003,-122.422,8
235000,47.3946,-122.312,8
299950,47.3213,-122.385,8
250000,47.381,-122.299,8
305000,47.333,-122.345,8
237000,47.3798,-122.306,8
395000,47.2616,-122.296,8
216500,47.3785,-122.32,8
241500,47.2738,-122.301,8
218000,47.2975,-122.37,8
320000,47.3342,-122.34,8
358000,47.3933,-122.454,8
248500,47.3304,-122.302,8
379900,47.2716,-122.297,8
199000,47.3229,-122.283,8
190000,47.3553,-122.28,8
240000,47.3113,-122.358,8
286500,47.3106,-122.325,8
372000,47.3161,-122.27,8
425000,47.3185,-122.259,8
232000,47.323,-122.349,8
240000,47.379,-122.29,8
333000,47.2697,-122.312,8
172500,47.4206,-122.316,8
196000,47.3417,-122.271,8
430236,47.2966,-122.348,8
236775,47.3116,-122.4,8
389000,47.3221,-122.322,8
425000,47.2598,-122.304,8
450000,47.3008,-122.386,8
335000,47.6821,-122.38,9
8e+05,47.676,-122.272,9
760000,47.6797,-122.357,9
290000,47.7343,-122.347,9
535000,47.7487,-122.319,9
755000,47.6476,-122.356,9
1740000,47.6561,-122.274,9
630000,47.7037,-122.308,9
650000,47.6971,-122.341,9
709000,47.6894,-122.384,9
452000,47.7212,-122.364,9
7700000,47.6298,-122.323,9
631000,47.6156,-122.299,9
428000,47.6911,-122.35,9
420000,47.6973,-122.295,9
1130000,47.6434,-122.358,9
585000,47.679,-122.288,9
549000,47.6205,-122.294,9
1160000,47.6453,-122.303,9
195000,47.7678,-122.316,9
559000,47.6896,-122.374,9
920000,47.6567,-122.325,9
750000,47.6731,-122.326,9
1200000,47.7735,-122.386,9
735000,47.7619,-122.268,9
323000,47.7639,-122.332,9
510000,47.6696,-122.267,9
933000,47.6221,-122.325,9
763101,47.664,-122.287,9
292000,47.7209,-122.291,9
650000,47.6462,-122.351,9
397950,47.7635,-122.335,9
355000,47.6914,-122.343,9
585000,47.7637,-122.281,9
635000,47.6638,-122.348,9
680000,47.774,-122.28,9
339275,47.7753,-122.353,9
1870000,47.6626,-122.269,9
671500,47.6532,-122.348,9
1080000,47.6496,-122.413,9
1340000,47.6591,-122.27,9
520000,47.618,-122.311,9
350000,47.7039,-122.34,9
350000,47.7298,-122.286,9
975000,47.6711,-122.386,9
965000,47.6788,-122.346,9
374150,47.752,-122.35,9
688000,47.7108,-122.279,9
925000,47.6784,-122.277,9
342000,47.7223,-122.29,9
925000,47.6142,-122.284,9
3e+05,47.7304,-122.352,9
615000,47.6357,-122.373,9
505500,47.6704,-122.391,9
982218,47.6451,-122.319,9
415000,47.7538,-122.312,9
325000,47.7565,-122.339,9
635000,47.7168,-122.331,9
1110000,47.6742,-122.356,9
890000,47.7698,-122.384,9
405000,47.7642,-122.335,9
539950,47.6398,-122.356,9
367500,47.7626,-122.312,9
2480000,47.6285,-122.322,9
389000,47.7125,-122.332,9
521000,47.6535,-122.353,9
432000,47.661,-122.344,9
3e+05,47.736,-122.301,9
705000,47.6435,-122.353,9
392500,47.7762,-122.337,9
4e+05,47.682,-122.348,9
552500,47.6895,-122.37,9
540000,47.6958,-122.357,9
445000,47.7373,-122.35,9
465000,47.7651,-122.277,9
1190000,47.6258,-122.312,9
6e+05,47.6212,-122.298,9
310000,47.7439,-122.301,9
812000,47.6916,-122.37,9
410000,47.7435,-122.317,9
728000,47.6205,-122.291,9
799990,47.6857,-122.376,9
577500,47.6912,-122.334,9
460000,47.6826,-122.394,9
340000,47.7717,-122.351,9
482000,47.6617,-122.349,9
1660000,47.6618,-122.273,9
334550,47.7436,-122.356,9
3e+05,47.7,-122.299,9
373000,47.7358,-122.319,9
725000,47.6239,-122.298,9
325000,47.7465,-122.326,9
730001,47.6862,-122.395,9
730000,47.6743,-122.371,9
399950,47.7175,-122.288,9
442500,47.7148,-122.301,9
373500,47.6566,-122.358,9
718000,47.715,-122.282,9
1070000,47.6641,-122.293,9
655100,47.6746,-122.315,9
580000,47.6724,-122.279,9
540000,47.6689,-122.314,9
925000,47.727,-122.362,9
751750,47.6238,-122.311,9
550000,47.6347,-122.352,9
631750,47.6902,-122.382,9
790000,47.6947,-122.303,9
674000,47.7132,-122.293,9
358000,47.7095,-122.35,9
460000,47.723,-122.353,9
677790,47.6892,-122.389,9
570000,47.6963,-122.348,9
1130000,47.6249,-122.311,9
615000,47.7235,-122.359,9
438000,47.6776,-122.318,9
530000,47.6694,-122.279,9
420000,47.718,-122.355,9
1160000,47.6626,-122.271,9
290000,47.7003,-122.346,9
465000,47.7281,-122.353,9
284000,47.7401,-122.348,9
4e+05,47.6132,-122.297,9
610000,47.686,-122.395,9
554663,47.6712,-122.279,9
9e+05,47.6318,-122.369,9
536000,47.6684,-122.363,9
675000,47.6384,-122.343,9
220000,47.7529,-122.324,9
603000,47.6819,-122.311,9
390000,47.7577,-122.358,9
505000,47.763,-122.342,9
401500,47.7627,-122.353,9
342450,47.7339,-122.336,9
540000,47.6619,-122.324,9
440000,47.6697,-122.372,9
485000,47.6899,-122.32,9
280000,47.7011,-122.336,9
682500,47.7351,-122.295,9
268500,47.7511,-122.352,9
654500,47.6761,-122.297,9
560000,47.6948,-122.322,9
581000,47.7576,-122.37,9
349950,47.6982,-122.349,9
529950,47.6755,-122.367,9
1e+06,47.6852,-122.329,9
463000,47.6226,-122.292,9
6e+05,47.6749,-122.398,9
725000,47.649,-122.336,9
680000,47.6354,-122.346,9
530000,47.6904,-122.397,9
566950,47.6944,-122.377,9
2300000,47.6934,-122.271,9
920000,47.6178,-122.29,9
655000,47.6368,-122.37,9
337900,47.7034,-122.362,9
320000,47.7552,-122.327,9
825000,47.6186,-122.288,9
526000,47.6739,-122.396,9
515000,47.6894,-122.284,9
1250000,47.6999,-122.393,9
456500,47.7027,-122.361,9
360000,47.698,-122.366,9
623500,47.6583,-122.362,9
539000,47.7112,-122.357,9
291000,47.6974,-122.349,9
2180000,47.6622,-122.272,9
370000,47.7471,-122.324,9
570000,47.6169,-122.309,9
562500,47.6574,-122.345,9
950000,47.6789,-122.397,9
514000,47.681,-122.372,9
460000,47.6897,-122.337,9
9e+05,47.6187,-122.295,9
935000,47.6384,-122.35,9
320000,47.7205,-122.323,9
411000,47.6603,-122.394,9
1120000,47.6434,-122.412,9
325000,47.7178,-122.318,9
389000,47.6742,-122.35,9
906000,47.6199,-122.3,9
629950,47.6424,-122.374,9
488000,47.6949,-122.37,9
425000,47.7027,-122.359,9
1100000,47.6506,-122.391,9
1010000,47.6232,-122.299,9
825000,47.6188,-122.285,9
384400,47.7174,-122.317,9
254922,47.7356,-122.34,9
775000,47.6762,-122.285,9
860000,47.6178,-122.284,9
680000,47.6934,-122.321,9
415000,47.6803,-122.287,9
335900,47.7405,-122.323,9
575000,47.6424,-122.386,9
630000,47.6735,-122.362,9
410000,47.7456,-122.315,9
1230000,47.6182,-122.312,9
5e+05,47.6526,-122.349,9
1720000,47.6325,-122.29,9
280000,47.6946,-122.362,9
375000,47.6835,-122.387,9
459000,47.695,-122.366,9
1200000,47.6725,-122.327,9
831000,47.6196,-122.292,9
316750,47.7146,-122.311,9
1200000,47.6607,-122.362,9
580000,47.6831,-122.379,9
483000,47.6689,-122.326,9
840000,47.6726,-122.294,9
597000,47.6605,-122.355,9
440150,47.7184,-122.355,9
510000,47.6567,-122.392,9
475000,47.7221,-122.317,9
465250,47.7751,-122.38,9
302000,47.7617,-122.335,9
439990,47.6513,-122.384,9
670000,47.744,-122.292,9
635200,47.6766,-122.368,9
425000,47.6872,-122.339,9
775000,47.6887,-122.319,9
406100,47.6916,-122.34,9
487000,47.7357,-122.333,9
467000,47.7133,-122.308,9
494400,47.6347,-122.355,9
451000,47.7508,-122.322,9
931000,47.6364,-122.351,9
635000,47.686,-122.374,9
380500,47.6929,-122.342,9
750000,47.6454,-122.316,9
5e+05,47.7733,-122.351,9
530000,47.6711,-122.39,9
311600,47.7052,-122.346,9
1250000,47.6318,-122.365,9
730000,47.6753,-122.311,9
1450000,47.6385,-122.348,9
895000,47.6336,-122.397,9
785950,47.6287,-122.3,9
1e+06,47.7213,-122.29,9
510000,47.6493,-122.398,9
405500,47.7359,-122.309,9
760000,47.7288,-122.284,9
1010000,47.637,-122.341,9
312000,47.7009,-122.317,9
325000,47.7041,-122.351,9
565000,47.7042,-122.37,9
370000,47.7024,-122.35,9
672000,47.6845,-122.375,9
760000,47.6777,-122.287,9
595000,47.6859,-122.37,9
570000,47.6597,-122.352,9
850000,47.768,-122.388,9
460000,47.6878,-122.38,9
1290000,47.6782,-122.299,9
925000,47.6351,-122.352,9
658000,47.6368,-122.351,9
575000,47.6843,-122.341,9
435000,47.7156,-122.317,9
415000,47.6527,-122.386,9
695000,47.6956,-122.399,9
453000,47.7071,-122.314,9
527500,47.6697,-122.338,9
975000,47.644,-122.327,9
455000,47.6585,-122.363,9
415000,47.6833,-122.312,9
360000,47.6163,-122.294,9
415000,47.6886,-122.354,9
820000,47.682,-122.347,9
685000,47.6133,-122.308,9
455000,47.627,-122.361,9
420000,47.7438,-122.329,9
765000,47.6474,-122.412,9
650000,47.6901,-122.357,9
685000,47.6754,-122.357,9
290000,47.7731,-122.343,9
6e+05,47.7505,-122.375,9
285000,47.7775,-122.337,9
9e+05,47.6803,-122.387,9
532500,47.6842,-122.348,9
380000,47.6926,-122.362,9
385000,47.7575,-122.361,9
539000,47.6651,-122.368,9
460000,47.7513,-122.357,9
296000,47.7344,-122.336,9
580000,47.6549,-122.394,9
455000,47.6909,-122.381,9
450000,47.6797,-122.362,9
306000,47.7175,-122.292,9
450000,47.6914,-122.309,9
1010000,47.6366,-122.369,9
334500,47.74,-122.339,9
575000,47.7013,-122.35,9
395000,47.6999,-122.364,9
435000,47.7269,-122.325,9
978500,47.6455,-122.409,9
625000,47.6244,-122.326,9
370350,47.711,-122.356,9
697000,47.6813,-122.367,9
332000,47.6223,-122.294,9
237000,47.7114,-122.284,9
505000,47.6604,-122.396,9
1330000,47.617,-122.288,9
426000,47.7372,-122.35,9
560000,47.6384,-122.4,9
609500,47.6691,-122.402,9
2890000,47.6374,-122.288,9
430000,47.6939,-122.368,9
670000,47.6662,-122.364,9
550000,47.6489,-122.372,9
425000,47.6728,-122.374,9
350000,47.7451,-122.339,9
626000,47.6768,-122.367,9
1700000,47.6221,-122.29,9
476500,47.6929,-122.287,9
270000,47.7527,-122.306,9
555000,47.6161,-122.302,9
535000,47.6721,-122.323,9
937750,47.6753,-122.304,9
760000,47.681,-122.359,9
635000,47.6621,-122.288,9
449000,47.7564,-122.286,9
535000,47.7657,-122.29,9
527000,47.7226,-122.299,9
835000,47.68,-122.399,9
565000,47.6379,-122.4,9
490000,47.6762,-122.36,9
703300,47.6847,-122.368,9
547500,47.697,-122.322,9
480000,47.6838,-122.386,9
560000,47.6635,-122.362,9
420000,47.696,-122.319,9
570000,47.6819,-122.389,9
387500,47.6982,-122.298,9
7e+05,47.6675,-122.316,9
1240000,47.6423,-122.394,9
427500,47.6147,-122.298,9
611000,47.6771,-122.328,9
358000,47.7284,-122.336,9
668750,47.7728,-122.386,9
455000,47.649,-122.383,9
422250,47.7733,-122.324,9
392500,47.6957,-122.375,9
449000,47.6905,-122.305,9
750000,47.6534,-122.415,9
759000,47.6499,-122.413,9
285000,47.7399,-122.3,9
335000,47.7501,-122.314,9
399888,47.723,-122.337,9
1210000,47.6762,-122.267,9
695000,47.7339,-122.36,9
735000,47.678,-122.311,9
470000,47.7635,-122.286,9
305000,47.7553,-122.283,9
379000,47.691,-122.309,9
430000,47.7274,-122.305,9
775000,47.7108,-122.277,9
625000,47.653,-122.352,9
792000,47.6358,-122.356,9
418000,47.6994,-122.347,9
305000,47.7225,-122.349,9
655000,47.7004,-122.287,9
747000,47.6207,-122.295,9
1080000,47.6628,-122.326,9
381000,47.746,-122.294,9
565000,47.674,-122.377,9
490000,47.6313,-122.37,9
444950,47.7368,-122.337,9
569500,47.7695,-122.368,9
808100,47.7174,-122.336,9
667500,47.6778,-122.302,9
552000,47.6724,-122.296,9
1220000,47.6424,-122.348,9
288000,47.7072,-122.356,9
337000,47.743,-122.328,9
421000,47.7469,-122.321,9
540000,47.6478,-122.396,9
475000,47.6522,-122.366,9
425000,47.6534,-122.356,9
385000,47.7733,-122.317,9
525000,47.6368,-122.371,9
415000,47.6772,-122.369,9
1230000,47.6463,-122.371,9
995000,47.7764,-122.385,9
2150000,47.6465,-122.319,9
780000,47.676,-122.309,9
338000,47.7623,-122.317,9
359950,47.6187,-122.301,9
5e+05,47.7729,-122.389,9
385000,47.7025,-122.341,9
395000,47.7309,-122.305,9
420000,47.7583,-122.339,9
438000,47.6381,-122.375,9
277000,47.7464,-122.317,9
554600,47.6755,-122.369,9
296000,47.7224,-122.291,9
435000,47.7758,-122.379,9
344000,47.6715,-122.382,9
650000,47.6974,-122.313,9
1740000,47.7624,-122.38,9
405000,47.7516,-122.294,9
475000,47.7005,-122.313,9
560000,47.67,-122.392,9
420000,47.7336,-122.29,9
578500,47.6549,-122.331,9
808000,47.7539,-122.37,9
575000,47.6556,-122.345,9
468000,47.69,-122.292,9
507200,47.6159,-122.306,9
567000,47.7158,-122.366,9
362500,47.7162,-122.324,9
375000,47.7576,-122.333,9
220000,47.7719,-122.309,9
665000,47.6163,-122.293,9
407000,47.709,-122.363,9
379000,47.6971,-122.372,9
390000,47.7719,-122.338,9
552625,47.7169,-122.329,9
305000,47.7755,-122.299,9
417000,47.6677,-122.324,9
436000,47.6149,-122.293,9
355000,47.7115,-122.355,9
469000,47.7643,-122.273,9
810000,47.6821,-122.267,9
715000,47.7081,-122.277,9
445000,47.6793,-122.395,9
1200000,47.6258,-122.302,9
544000,47.6688,-122.279,9
359000,47.7052,-122.343,9
465000,47.6683,-122.362,9
618500,47.6738,-122.297,9
334900,47.6844,-122.387,9
512000,47.6712,-122.378,9
603500,47.6993,-122.377,9
419600,47.7554,-122.353,9
960000,47.6402,-122.314,9
885000,47.6369,-122.365,9
1060000,47.7599,-122.375,9
738000,47.6545,-122.336,9
972000,47.6457,-122.412,9
306950,47.6992,-122.364,9
960000,47.6796,-122.402,9
1010000,47.6472,-122.373,9
489000,47.6806,-122.287,9
365000,47.7712,-122.339,9
5e+05,47.7289,-122.335,9
740000,47.6947,-122.315,9
441000,47.7426,-122.354,9
555000,47.6647,-122.284,9
625000,47.7,-122.292,9
285000,47.7218,-122.356,9
595000,47.7372,-122.316,9
358803,47.7024,-122.346,9
435000,47.6832,-122.286,9
1130000,47.6381,-122.314,9
1250000,47.7606,-122.37,9
777000,47.6557,-122.388,9
529100,47.694,-122.29,9
540000,47.5168,-121.87,10
492000,47.5202,-121.87,10
544000,47.5451,-121.882,10
523000,47.5363,-121.87,10
555000,47.5302,-121.849,10
150000,47.7112,-121.315,10
650000,47.5401,-121.861,10
460000,47.5614,-121.899,10
7e+05,47.5398,-121.859,10
392500,47.567,-121.893,10
445000,47.4865,-121.802,10
4e+05,47.5606,-121.853,10
688000,47.4883,-121.725,10
689000,47.5389,-121.86,10
545000,47.515,-121.869,10
475000,47.5406,-121.887,10
515000,47.5325,-121.856,10
452500,47.5361,-121.88,10
312620,47.4442,-121.762,10
772500,47.5407,-121.86,10
652500,47.4989,-121.9,10
355000,47.5309,-121.876,10
710000,47.5481,-121.886,10
650000,47.553,-121.887,10
715000,47.5344,-121.874,10
937500,47.5364,-121.858,10
437500,47.4838,-121.714,10
451000,47.5415,-121.883,10
335000,47.4752,-121.757,10
160000,47.7129,-121.325,10
435000,47.5367,-121.88,10
552250,47.5374,-121.875,10
594950,47.475,-121.737,10
620000,47.5401,-121.879,10
379000,47.46,-121.707,10
590000,47.4816,-121.714,10
450000,47.531,-121.854,10
1490000,47.4624,-121.779,10
495000,47.5633,-121.901,10
591975,47.5196,-121.878,10
381000,47.5328,-121.871,10
490000,47.5389,-121.89,10
445000,47.5245,-121.926,10
423700,47.5348,-121.877,10
303000,47.4461,-121.769,10
435000,47.5305,-121.847,10
485500,47.532,-121.88,10
308550,47.4656,-121.756,10
418500,47.5415,-121.884,10
409316,47.5342,-121.841,10
307000,47.4963,-121.787,10
470000,47.4848,-121.801,10
337000,47.526,-121.826,10
350000,47.5028,-121.77,10
950000,47.4496,-121.766,10
295000,47.5729,-121.676,10
527900,47.5385,-121.87,10
280000,47.4469,-121.775,10
